{
  "project_info": {
    "project_number": "68766989749",
    "firebase_url": "https://recyclerdataview-default-rtdb.firebaseio.com",
    "project_id": "recyclerdataview",
    "storage_bucket": "recyclerdataview.appspot.com"
  },
  "client": [
    {
      "client_info": {
        "mobilesdk_app_id": "1:68766989749:android:6c2c9b8824a75842272dfc",
        "android_client_info": {
          "package_name": "com.example.recyclerdataview"
        }
      },
      "oauth_client": [
        {
          "client_id": "68766989749-620ln199vatu4jvmfsjudcj2ukch5qv6.apps.googleusercontent.com",
          "client_type": 3
        }
      ],
      "api_key": [
        {
          "current_key": "AIzaSyCAM3ihDQvUIwlGu7ZOudUdfbcA9eLSzd8"
        }
      ],
      "services": {
        "appinvite_service": {
          "other_platform_oauth_client": [
            {
              "client_id": "68766989749-620ln199vatu4jvmfsjudcj2ukch5qv6.apps.googleusercontent.com",
              "client_type": 3
            }
          ]
        }
      }
    }
  ],
  "configuration_version": "1"
}